{
  "navigationBarBackgroundColor": "#FFF",
  "navigationBarTextStyle": "black",
  "navigationBarTitleText": "团单详情",
  "usingComponents": {
    "i-auth": "../../components/auth/index",
    "i-img": "../../components/img/index",
    "i-goods-info": "../../components/goodsInfo/index",
    "i-order-info-express": "../../components/order/orderInfoExpress",
    "i-orderComment": "../../components/orderComment/index",
    "i-order-info": "../../components/orderInfo/index",
    "i-modal": "../../components/modal/index"
  }
}