{
  "navigationBarTitleText": "分类",
  "disableScroll": true,
  "usingComponents": {
    "i-tabbar": "../../components/tabbar/index",
    "i-load-more": "../../components/load-more/index",
    "i-img": "../../components/img/index",
    "i-type-item": "./type-item",
    "i-modal": "../../components/modal/index",
    "i-new-auth": "../../components/new-auth/index",
    "i-change-community": "../../components/changeCommunity/index",
    "i-empty": "../../components/empty/index",
    "i-sku": "../../components/sku/index"
  }
}